numero,titulo,status,criado_em,editado_em,database,url,id
1,Sem título,N/A,10/09/2025 02:38,12/10/2025 17:19,Editorial Pré-ENEM,https://www.notion.so/26a5113a91a38037aca6e8f4c1a9e84f,26a5113a-91a3-8037-aca6-e8f4c1a9e84f
2,Sem título,N/A,10/09/2025 05:21,12/10/2025 17:20,Editorial Pré-ENEM,https://www.notion.so/26a5113a91a3806fa0abfeb06eafde98,26a5113a-91a3-806f-a0ab-feb06eafde98
3,Sem título,N/A,10/09/2025 00:58,12/10/2025 17:20,Editorial Pré-ENEM,https://www.notion.so/26a5113a91a3810bb647e10963c83524,26a5113a-91a3-810b-b647-e10963c83524
4,Sem título,N/A,10/09/2025 00:58,12/10/2025 17:20,Editorial Pré-ENEM,https://www.notion.so/26a5113a91a38112a314ccea441781fb,26a5113a-91a3-8112-a314-ccea441781fb
5,Sem título,N/A,10/09/2025 00:55,12/10/2025 17:20,Editorial Pré-ENEM,https://www.notion.so/26a5113a91a381298eadf547059a6a61,26a5113a-91a3-8129-8ead-f547059a6a61
6,Sem título,N/A,10/09/2025 00:56,12/10/2025 17:20,Editorial Pré-ENEM,https://www.notion.so/26a5113a91a3814f9bbffa0ceb700ac6,26a5113a-91a3-814f-9bbf-fa0ceb700ac6
7,Sem título,N/A,10/09/2025 00:56,12/10/2025 17:20,Editorial Pré-ENEM,https://www.notion.so/26a5113a91a3815da3abc521b1bc1de4,26a5113a-91a3-815d-a3ab-c521b1bc1de4
8,Sem título,N/A,10/09/2025 00:58,12/10/2025 17:20,Editorial Pré-ENEM,https://www.notion.so/26a5113a91a38172b405e315b96897a7,26a5113a-91a3-8172-b405-e315b96897a7
9,Sem título,N/A,10/09/2025 00:58,12/10/2025 17:21,Editorial Pré-ENEM,https://www.notion.so/26a5113a91a3818ca0d4cc051e2dd28b,26a5113a-91a3-818c-a0d4-cc051e2dd28b
10,Sem título,N/A,10/09/2025 00:58,12/10/2025 17:21,Editorial Pré-ENEM,https://www.notion.so/26a5113a91a381d3bfcfdac7dd31a6e3,26a5113a-91a3-81d3-bfcf-dac7dd31a6e3
11,Sem título,N/A,10/09/2025 00:58,12/10/2025 17:21,Editorial Pré-ENEM,https://www.notion.so/26a5113a91a381daa7fafef93d3bbe32,26a5113a-91a3-81da-a7fa-fef93d3bbe32
12,Sem título,N/A,10/09/2025 00:58,12/10/2025 17:21,Editorial Pré-ENEM,https://www.notion.so/26a5113a91a381ecad4ada983f2616dd,26a5113a-91a3-81ec-ad4a-da983f2616dd
13,Sem título,N/A,10/09/2025 00:55,12/10/2025 17:21,Editorial Pré-ENEM,https://www.notion.so/26a5113a91a381f4819bd188f49930ab,26a5113a-91a3-81f4-819b-d188f49930ab
14,Sem título,N/A,10/09/2025 00:56,12/10/2025 17:21,Editorial Pré-ENEM,https://www.notion.so/26a5113a91a381febdaacf08b4f71ab5,26a5113a-91a3-81fe-bdaa-cf08b4f71ab5
15,Sem título,N/A,16/09/2025 17:46,12/10/2025 17:22,Editorial Pré-ENEM,https://www.notion.so/2705113a91a3806eb5ccd090a5df49b2,2705113a-91a3-806e-b5cc-d090a5df49b2
16,Sem título,N/A,16/09/2025 15:55,12/10/2025 17:22,Editorial Pré-ENEM,https://www.notion.so/2705113a91a381ee9c22e89f72812350,2705113a-91a3-81ee-9c22-e89f72812350
17,Sem título,N/A,16/09/2025 18:15,12/10/2025 17:22,Editorial Pré-ENEM,https://www.notion.so/2705113a91a381f78505d10bcddffe7c,2705113a-91a3-81f7-8505-d10bcddffe7c
18,Sem título,N/A,23/09/2025 18:44,12/10/2025 17:22,Editorial Pré-ENEM,https://www.notion.so/2775113a91a38055aa64f44db7c10609,2775113a-91a3-8055-aa64-f44db7c10609
19,Sem título,N/A,23/09/2025 18:50,12/10/2025 17:22,Editorial Pré-ENEM,https://www.notion.so/2775113a91a380adbabdd0932f3acca0,2775113a-91a3-80ad-babd-d0932f3acca0
20,Sem título,N/A,30/09/2025 23:21,12/10/2025 17:23,Editorial Pré-ENEM,https://www.notion.so/27e5113a91a38167bc9be19550dc07dc,27e5113a-91a3-8167-bc9b-e19550dc07dc
21,Sem título,N/A,30/09/2025 23:21,12/10/2025 17:23,Editorial Pré-ENEM,https://www.notion.so/27e5113a91a381a4b631fb86080feb20,27e5113a-91a3-81a4-b631-fb86080feb20
22,Sem título,N/A,01/10/2025 09:37,12/10/2025 17:23,Editorial Pré-ENEM,https://www.notion.so/27f5113a91a3817bb018f997ace59629,27f5113a-91a3-817b-b018-f997ace59629
23,Sem título,N/A,01/10/2025 09:29,12/10/2025 17:24,Editorial Pré-ENEM,https://www.notion.so/27f5113a91a381af9a7af60ed50b5c32,27f5113a-91a3-81af-9a7a-f60ed50b5c32
24,Sem título,N/A,03/10/2025 15:48,12/10/2025 17:24,Editorial Pré-ENEM,https://www.notion.so/2815113a91a3813c9e83fde49dbc8b29,2815113a-91a3-813c-9e83-fde49dbc8b29
25,Sem título,N/A,03/10/2025 22:06,12/10/2025 17:25,Editorial Pré-ENEM,https://www.notion.so/2815113a91a38154b95bf93aa7d777da,2815113a-91a3-8154-b95b-f93aa7d777da
26,Sem título,N/A,03/10/2025 15:48,12/10/2025 17:25,Editorial Pré-ENEM,https://www.notion.so/2815113a91a3817fb45efa48b28b4152,2815113a-91a3-817f-b45e-fa48b28b4152
27,Sem título,N/A,03/10/2025 22:06,12/10/2025 17:25,Editorial Pré-ENEM,https://www.notion.so/2815113a91a381c0bec8ccf2208fa5aa,2815113a-91a3-81c0-bec8-ccf2208fa5aa
28,Sem título,N/A,03/10/2025 22:06,12/10/2025 17:25,Editorial Pré-ENEM,https://www.notion.so/2815113a91a381c6b70dfabfff9f81f6,2815113a-91a3-81c6-b70d-fabfff9f81f6
29,Sem título,N/A,03/10/2025 15:48,12/10/2025 17:25,Editorial Pré-ENEM,https://www.notion.so/2815113a91a381c7a1b4deb633769372,2815113a-91a3-81c7-a1b4-deb633769372
30,Sem título,N/A,03/10/2025 15:48,12/10/2025 17:25,Editorial Pré-ENEM,https://www.notion.so/2815113a91a381f39908ce9c915571fd,2815113a-91a3-81f3-9908-ce9c915571fd
31,Sem título,N/A,07/10/2025 01:08,12/10/2025 17:26,Editorial Pré-ENEM,https://www.notion.so/2855113a91a38100811dcccf1baac21f,2855113a-91a3-8100-811d-cccf1baac21f
32,Sem título,N/A,07/10/2025 01:06,12/10/2025 17:26,Editorial Pré-ENEM,https://www.notion.so/2855113a91a38113b569f4fc81240652,2855113a-91a3-8113-b569-f4fc81240652
33,Sem título,N/A,07/10/2025 01:07,12/10/2025 17:26,Editorial Pré-ENEM,https://www.notion.so/2855113a91a3811890e9ef51e7d79eb1,2855113a-91a3-8118-90e9-ef51e7d79eb1
34,Sem título,N/A,07/10/2025 01:07,12/10/2025 17:27,Editorial Pré-ENEM,https://www.notion.so/2855113a91a3811da4d8fff17db18acb,2855113a-91a3-811d-a4d8-fff17db18acb
35,Sem título,N/A,07/10/2025 01:08,12/10/2025 17:27,Editorial Pré-ENEM,https://www.notion.so/2855113a91a3811eaa2fd41495863b85,2855113a-91a3-811e-aa2f-d41495863b85
36,Sem título,N/A,07/10/2025 01:07,12/10/2025 17:27,Editorial Pré-ENEM,https://www.notion.so/2855113a91a381258d71ea0b8a171e59,2855113a-91a3-8125-8d71-ea0b8a171e59
37,Sem título,N/A,07/10/2025 01:07,12/10/2025 17:27,Editorial Pré-ENEM,https://www.notion.so/2855113a91a3812db46ac8eae3dd12b4,2855113a-91a3-812d-b46a-c8eae3dd12b4
38,Sem título,N/A,07/10/2025 01:07,12/10/2025 17:27,Editorial Pré-ENEM,https://www.notion.so/2855113a91a38133b4d1cf5365efa50e,2855113a-91a3-8133-b4d1-cf5365efa50e
39,Sem título,N/A,07/10/2025 01:07,12/10/2025 17:27,Editorial Pré-ENEM,https://www.notion.so/2855113a91a3813a89a5f3657875bcb8,2855113a-91a3-813a-89a5-f3657875bcb8
40,Sem título,N/A,07/10/2025 01:07,12/10/2025 17:27,Editorial Pré-ENEM,https://www.notion.so/2855113a91a3814284a4c98f7fa00d24,2855113a-91a3-8142-84a4-c98f7fa00d24
41,Sem título,N/A,07/10/2025 01:08,12/10/2025 17:28,Editorial Pré-ENEM,https://www.notion.so/2855113a91a38149a348fda83c6900ad,2855113a-91a3-8149-a348-fda83c6900ad
42,Sem título,N/A,07/10/2025 01:08,12/10/2025 17:28,Editorial Pré-ENEM,https://www.notion.so/2855113a91a3815395c2d4f7fc48584b,2855113a-91a3-8153-95c2-d4f7fc48584b
43,Sem título,N/A,07/10/2025 01:07,12/10/2025 17:28,Editorial Pré-ENEM,https://www.notion.so/2855113a91a381598ecce97e6ab677c9,2855113a-91a3-8159-8ecc-e97e6ab677c9
44,Sem título,N/A,07/10/2025 01:07,12/10/2025 17:28,Editorial Pré-ENEM,https://www.notion.so/2855113a91a3816885c5c0376dd7be0e,2855113a-91a3-8168-85c5-c0376dd7be0e
45,Sem título,N/A,07/10/2025 01:07,12/10/2025 17:28,Editorial Pré-ENEM,https://www.notion.so/2855113a91a381699529cec472b04bb7,2855113a-91a3-8169-9529-cec472b04bb7
46,Sem título,N/A,07/10/2025 01:06,12/10/2025 17:29,Editorial Pré-ENEM,https://www.notion.so/2855113a91a3816e97c0c3c9d36dc940,2855113a-91a3-816e-97c0-c3c9d36dc940
47,Sem título,N/A,07/10/2025 01:07,12/10/2025 17:29,Editorial Pré-ENEM,https://www.notion.so/2855113a91a38179810dcdd6596e512a,2855113a-91a3-8179-810d-cdd6596e512a
48,Sem título,N/A,07/10/2025 01:07,12/10/2025 17:29,Editorial Pré-ENEM,https://www.notion.so/2855113a91a3817a9d28dd73075e45ed,2855113a-91a3-817a-9d28-dd73075e45ed
49,Sem título,N/A,07/10/2025 01:08,12/10/2025 17:29,Editorial Pré-ENEM,https://www.notion.so/2855113a91a3817db2c8e9a99c88cd0b,2855113a-91a3-817d-b2c8-e9a99c88cd0b
50,Sem título,N/A,07/10/2025 01:07,12/10/2025 17:29,Editorial Pré-ENEM,https://www.notion.so/2855113a91a381859b1ae6d109402d50,2855113a-91a3-8185-9b1a-e6d109402d50
51,Sem título,N/A,07/10/2025 01:08,12/10/2025 17:30,Editorial Pré-ENEM,https://www.notion.so/2855113a91a38192a723d8ab6ce6361b,2855113a-91a3-8192-a723-d8ab6ce6361b
52,Sem título,N/A,07/10/2025 01:06,12/10/2025 17:30,Editorial Pré-ENEM,https://www.notion.so/2855113a91a38195b211df327d250d3f,2855113a-91a3-8195-b211-df327d250d3f
53,Sem título,N/A,07/10/2025 01:06,12/10/2025 17:30,Editorial Pré-ENEM,https://www.notion.so/2855113a91a381989e25fd1b73c94ba5,2855113a-91a3-8198-9e25-fd1b73c94ba5
54,Sem título,N/A,07/10/2025 01:08,12/10/2025 17:31,Editorial Pré-ENEM,https://www.notion.so/2855113a91a381aab190d13087215897,2855113a-91a3-81aa-b190-d13087215897
55,Sem título,N/A,07/10/2025 01:08,12/10/2025 17:31,Editorial Pré-ENEM,https://www.notion.so/2855113a91a381abb517d782098f4d58,2855113a-91a3-81ab-b517-d782098f4d58
56,Sem título,N/A,07/10/2025 01:07,12/10/2025 17:31,Editorial Pré-ENEM,https://www.notion.so/2855113a91a381b1bacde1500e1918f9,2855113a-91a3-81b1-bacd-e1500e1918f9
57,Sem título,N/A,07/10/2025 01:07,12/10/2025 17:31,Editorial Pré-ENEM,https://www.notion.so/2855113a91a381b39728fb38eaed84ec,2855113a-91a3-81b3-9728-fb38eaed84ec
58,Sem título,N/A,07/10/2025 01:07,12/10/2025 17:32,Editorial Pré-ENEM,https://www.notion.so/2855113a91a381b8a273e1ec9f61bb3e,2855113a-91a3-81b8-a273-e1ec9f61bb3e
59,Sem título,N/A,07/10/2025 01:07,12/10/2025 17:32,Editorial Pré-ENEM,https://www.notion.so/2855113a91a381bc8d59fd05ab1217d6,2855113a-91a3-81bc-8d59-fd05ab1217d6
60,Sem título,N/A,07/10/2025 01:07,12/10/2025 17:32,Editorial Pré-ENEM,https://www.notion.so/2855113a91a381c18d26e67fc52b6218,2855113a-91a3-81c1-8d26-e67fc52b6218
61,Sem título,N/A,07/10/2025 01:07,12/10/2025 17:32,Editorial Pré-ENEM,https://www.notion.so/2855113a91a381ca90d8f703c8485051,2855113a-91a3-81ca-90d8-f703c8485051
62,Sem título,N/A,07/10/2025 01:07,12/10/2025 17:32,Editorial Pré-ENEM,https://www.notion.so/2855113a91a381ce9d08fa9a0a37998d,2855113a-91a3-81ce-9d08-fa9a0a37998d
63,Sem título,N/A,07/10/2025 01:07,12/10/2025 17:32,Editorial Pré-ENEM,https://www.notion.so/2855113a91a381d2a78dc9ed691251df,2855113a-91a3-81d2-a78d-c9ed691251df
64,Sem título,N/A,07/10/2025 01:07,12/10/2025 17:33,Editorial Pré-ENEM,https://www.notion.so/2855113a91a381d5b2dbe55b465c864c,2855113a-91a3-81d5-b2db-e55b465c864c
65,Sem título,N/A,07/10/2025 01:06,12/10/2025 17:33,Editorial Pré-ENEM,https://www.notion.so/2855113a91a381d5b3e7d6c4d8799411,2855113a-91a3-81d5-b3e7-d6c4d8799411
66,Sem título,N/A,07/10/2025 01:07,12/10/2025 17:33,Editorial Pré-ENEM,https://www.notion.so/2855113a91a381de98b6f33ee182b6d3,2855113a-91a3-81de-98b6-f33ee182b6d3
67,Sem título,N/A,07/10/2025 01:08,12/10/2025 17:33,Editorial Pré-ENEM,https://www.notion.so/2855113a91a381e093f8d88bface537e,2855113a-91a3-81e0-93f8-d88bface537e
68,Sem título,N/A,07/10/2025 01:07,12/10/2025 17:34,Editorial Pré-ENEM,https://www.notion.so/2855113a91a381e98febde67e7000b0a,2855113a-91a3-81e9-8feb-de67e7000b0a
69,Sem título,N/A,07/10/2025 01:07,12/10/2025 17:34,Editorial Pré-ENEM,https://www.notion.so/2855113a91a381ea9960ed902d0489e0,2855113a-91a3-81ea-9960-ed902d0489e0
70,Sem título,N/A,07/10/2025 01:06,12/10/2025 17:34,Editorial Pré-ENEM,https://www.notion.so/2855113a91a381efa2ccf5348ac6c88c,2855113a-91a3-81ef-a2cc-f5348ac6c88c
71,Sem título,N/A,07/10/2025 01:07,12/10/2025 17:34,Editorial Pré-ENEM,https://www.notion.so/2855113a91a381f8bb8bda1f92351ffd,2855113a-91a3-81f8-bb8b-da1f92351ffd
72,Sem título,N/A,10/10/2025 03:49,12/10/2025 17:34,Editorial Pré-ENEM,https://www.notion.so/2885113a91a38100a426e7c20c4fd8e0,2885113a-91a3-8100-a426-e7c20c4fd8e0
73,Sem título,N/A,10/10/2025 03:50,12/10/2025 17:35,Editorial Pré-ENEM,https://www.notion.so/2885113a91a38106b18bdca2288a4e5e,2885113a-91a3-8106-b18b-dca2288a4e5e
74,Sem título,N/A,10/10/2025 03:18,12/10/2025 17:35,Editorial Pré-ENEM,https://www.notion.so/2885113a91a3810ca686fd70b1468ff6,2885113a-91a3-810c-a686-fd70b1468ff6
75,Sem título,N/A,10/10/2025 03:16,12/10/2025 17:35,Editorial Pré-ENEM,https://www.notion.so/2885113a91a3810f913bd989e4045879,2885113a-91a3-810f-913b-d989e4045879
76,Sem título,N/A,10/10/2025 00:36,12/10/2025 12:30,Editorial Pré-ENEM,https://www.notion.so/2885113a91a381188043f2dcebb8cedd,2885113a-91a3-8118-8043-f2dcebb8cedd
77,Sem título,N/A,10/10/2025 03:49,12/10/2025 17:35,Editorial Pré-ENEM,https://www.notion.so/2885113a91a38119b010d9a8277b12d1,2885113a-91a3-8119-b010-d9a8277b12d1
78,Sem título,N/A,10/10/2025 03:14,12/10/2025 17:35,Editorial Pré-ENEM,https://www.notion.so/2885113a91a3811aa063fdb345b93382,2885113a-91a3-811a-a063-fdb345b93382
79,Sem título,N/A,10/10/2025 03:16,12/10/2025 17:35,Editorial Pré-ENEM,https://www.notion.so/2885113a91a3811c8b58fd0263f90b12,2885113a-91a3-811c-8b58-fd0263f90b12
80,Sem título,N/A,10/10/2025 03:21,12/10/2025 17:35,Editorial Pré-ENEM,https://www.notion.so/2885113a91a3811fb5fee31bf8e916da,2885113a-91a3-811f-b5fe-e31bf8e916da
81,Sem título,N/A,10/10/2025 03:51,12/10/2025 17:36,Editorial Pré-ENEM,https://www.notion.so/2885113a91a38120b303f365add741d2,2885113a-91a3-8120-b303-f365add741d2
82,Sem título,N/A,10/10/2025 03:21,12/10/2025 17:36,Editorial Pré-ENEM,https://www.notion.so/2885113a91a38123ad48cdca09f33508,2885113a-91a3-8123-ad48-cdca09f33508
83,Sem título,N/A,10/10/2025 03:17,12/10/2025 17:36,Editorial Pré-ENEM,https://www.notion.so/2885113a91a381268bd5e7836fd53493,2885113a-91a3-8126-8bd5-e7836fd53493
84,Sem título,N/A,10/10/2025 03:49,12/10/2025 17:36,Editorial Pré-ENEM,https://www.notion.so/2885113a91a38126ba05d2669cb8cf02,2885113a-91a3-8126-ba05-d2669cb8cf02
85,Sem título,N/A,10/10/2025 03:50,12/10/2025 17:36,Editorial Pré-ENEM,https://www.notion.so/2885113a91a3812a88b1f9dd4edda40a,2885113a-91a3-812a-88b1-f9dd4edda40a
86,Sem título,N/A,10/10/2025 03:49,12/10/2025 17:37,Editorial Pré-ENEM,https://www.notion.so/2885113a91a3812a89ccfc02dc416683,2885113a-91a3-812a-89cc-fc02dc416683
87,Sem título,N/A,10/10/2025 03:49,12/10/2025 17:37,Editorial Pré-ENEM,https://www.notion.so/2885113a91a38130a3c0ec6f63b7463d,2885113a-91a3-8130-a3c0-ec6f63b7463d
88,Sem título,N/A,10/10/2025 03:14,12/10/2025 17:37,Editorial Pré-ENEM,https://www.notion.so/2885113a91a3813286dae669f23a6ca6,2885113a-91a3-8132-86da-e669f23a6ca6
89,Sem título,N/A,10/10/2025 03:18,12/10/2025 17:37,Editorial Pré-ENEM,https://www.notion.so/2885113a91a381368e29cf7c1edab59d,2885113a-91a3-8136-8e29-cf7c1edab59d
90,Sem título,N/A,10/10/2025 03:17,12/10/2025 17:37,Editorial Pré-ENEM,https://www.notion.so/2885113a91a38139871bf6052af5ab56,2885113a-91a3-8139-871b-f6052af5ab56
91,Sem título,N/A,10/10/2025 03:19,12/10/2025 12:35,Editorial Pré-ENEM,https://www.notion.so/2885113a91a3813aad83e1a2bd87f5a6,2885113a-91a3-813a-ad83-e1a2bd87f5a6
92,Sem título,N/A,10/10/2025 03:19,12/10/2025 17:37,Editorial Pré-ENEM,https://www.notion.so/2885113a91a3813bb380e2b1999b6896,2885113a-91a3-813b-b380-e2b1999b6896
93,Sem título,N/A,10/10/2025 03:49,12/10/2025 17:37,Editorial Pré-ENEM,https://www.notion.so/2885113a91a3813d8dc2c7ac3ca4d8bb,2885113a-91a3-813d-8dc2-c7ac3ca4d8bb
94,Sem título,N/A,10/10/2025 03:20,12/10/2025 17:38,Editorial Pré-ENEM,https://www.notion.so/2885113a91a3813e8c30cbe014c9f1dc,2885113a-91a3-813e-8c30-cbe014c9f1dc
95,Sem título,N/A,10/10/2025 03:16,12/10/2025 17:38,Editorial Pré-ENEM,https://www.notion.so/2885113a91a381408cbcf5a10270d24e,2885113a-91a3-8140-8cbc-f5a10270d24e
96,Sem título,N/A,10/10/2025 03:50,12/10/2025 17:38,Editorial Pré-ENEM,https://www.notion.so/2885113a91a381418dedc5d8ae8fcb39,2885113a-91a3-8141-8ded-c5d8ae8fcb39
97,Sem título,N/A,10/10/2025 03:50,12/10/2025 17:38,Editorial Pré-ENEM,https://www.notion.so/2885113a91a381479cb5f27ef14d4c04,2885113a-91a3-8147-9cb5-f27ef14d4c04
98,Sem título,N/A,10/10/2025 01:10,12/10/2025 12:37,Editorial Pré-ENEM,https://www.notion.so/2885113a91a3814aad35d2f7b362ace0,2885113a-91a3-814a-ad35-d2f7b362ace0
99,Sem título,N/A,10/10/2025 03:19,12/10/2025 12:38,Editorial Pré-ENEM,https://www.notion.so/2885113a91a3814b88e2c0e223ce65da,2885113a-91a3-814b-88e2-c0e223ce65da
100,Sem título,N/A,10/10/2025 03:17,12/10/2025 17:38,Editorial Pré-ENEM,https://www.notion.so/2885113a91a3814db58ac55ea0bc36d8,2885113a-91a3-814d-b58a-c55ea0bc36d8
